month,1 minute or less,1 to 2 minutes,2 to 5 minutes,over 5 minutes,answered_calls
2025-10,0.23499151420966025,0.35986845009311774,0.3291214029793625,0.07601863271785952,17239997
2025-11,0.2336642951536045,0.35857854795129135,0.33015484068527484,0.07760231620982934,15936380
2025-12,0.23895305951403414,0.360221887857504,0.3248769575324175,0.07594809509604436,16479676
2026-01,0.2309400565412871,0.360717990512513,0.3302084996618183,0.07813345328438157,17391539
2026-02,0.23058290826459643,0.35850775523954104,0.33189303306918905,0.07901630342667347,16124647
2026-03,0.23625811366692567,0.35722915767719166,0.3284515617335072,0.07806116692237546,18150856
2026-04,0.23420060437435455,0.355833595038195,0.33022062464729435,0.0797451759401561,16780990
2026-05,0.23231151518912393,0.35589961477482035,0.3315920033786374,0.08019686665741832,15599188
2026-06,0.23774459349533816,0.3552135527950963,0.327577746818132,0.07946410689143356,18663722
2026-07,0.22971435533006648,0.35626248642835356,0.33283210394238943,0.08119105429919052,18009053
2026-08,0.22772212361289162,0.35463405447998236,0.33457743973886844,0.08306638216825757,15675776
