month,practices_included,patient_coverage,inbound_calls,calls_per_1000_patients,working_weekdays,calls_per_1000_patients_per_working_day,answered,ended_in_ivr,callback_requested,missed,answered_under_2min_published,wait_time_series_break,revised_after_publication
2025-10,4649,0.757,31444618,649.9337439840094,23,28.257988868869976,0.5482654297151901,0.2604805375597185,0.07291976006832075,0.11767396888077954,0.579,False,False
2025-11,5019,0.823,29439840,559.3974967396013,20,27.96987483698006,0.5413201973923771,0.2636122682731971,0.07601050141576857,0.11887972217240311,0.583,False,True
2025-12,5093,0.835,30063218,562.9120792495369,21,26.805337107120803,0.5481673984468329,0.268470261566809,0.07346266124937124,0.10993919546470375,0.595,False,False
2026-01,5109,0.839,31605636,589.6418659575958,21,28.078184093218844,0.550267015667712,0.26472063400337836,0.07599043411118195,0.10904501336407216,0.592,False,False
2026-02,5112,0.839,29211036,545.66343249728,20,27.283171624864003,0.5520053105956255,0.2654712417594501,0.07497392423877058,0.10758755697675358,0.596,False,False
2026-03,5245,0.858,33483741,612.414437538786,22,27.837019888126637,0.5420796917524837,0.27301686511074136,0.07379309856685369,0.11116248928099164,0.596,False,False
2026-04,5292,0.864,30901353,561.7435983257574,20,28.08717991628787,0.5430503318090959,0.267792740337292,0.07378424498111781,0.11541782652688379,0.592,False,False
2026-05,5290,0.865,28491203,517.7132215175716,19,27.248064290398503,0.5475089275802079,0.2659584082848309,0.07343954553270356,0.11312663772042199,0.593,False,False
2026-06,5292,0.867,33128213,601.7500081194314,22,27.352273096337793,0.5633784713953632,0.25026505353609024,0.06948566769961302,0.11690567191173276,0.604,True,False
2026-07,5320,0.874,31001937,559.2947243473493,23,24.317161928145623,0.5809008966117182,0.2512670095420167,0.06521876358886866,0.10264268326201682,0.617,True,False
2026-08,5327,0.875,27160966,490.8591488020743,20,24.542957440103713,0.5771435375310289,0.2528128785993841,0.0663454679778326,0.10373154621967422,0.616,True,False
