day_label,time_band,inbound,answered,ended_in_ivr,callback_requested,missed,outcome_sum_vs_inbound
Friday,00:00-05:59,4207.0,0.09864511528405039,0.820774898977894,,0.0801045875921084,-0.0004753981459472145
Friday,06:00-07:59,205024.0,0.16593667082878102,0.7590964960199782,0.01222783674106446,0.06273899641017637,0.0
Friday,08:00-09:59,1149342.0,0.6043936443634705,0.2248338614616015,0.09241461636310166,0.07841530197278095,5.742416095477765e-05
Friday,10:00-11:59,1045512.0,0.6674060173388732,0.17882338987979096,0.05344845396322567,0.10034031173243349,1.8172914323377753e-05
Friday,12:00-13:59,804944.0,0.6210618378421356,0.22224775885030512,0.04764803514281739,0.10906472996879286,2.2361804050907708e-05
Friday,14:00-15:59,857200.0,0.6600583294447037,0.18095660289314044,0.05283131124591694,0.10617825478301447,2.4498366775649316e-05
Friday,16:00-17:59,522769.0,0.6748123932367833,0.18764884681379349,0.035279444649548845,0.10229566022468815,3.634492481374707e-05
Friday,18:00-18:29,37900.0,0.5703957783641161,0.31728232189973615,0.009076517150395778,0.10324538258575199,0.0
Friday,18:30-23:59,37997.0,0.1347474800642156,0.7864568255388583,0.002210700844803537,0.07642708634892229,-0.0001579072032003026
Monday,00:00-05:59,4566.0,0.12155059132720106,0.7884362680683311,,0.08979413053000437,-0.00021901007446345488
Monday,06:00-07:59,380662.0,0.15062443847823004,0.734370649027221,0.01631368510647241,0.09866758436618313,-2.3643021893393623e-05
Monday,08:00-09:59,1967327.0,0.48731756337406035,0.25660706125621213,0.1446739662496372,0.11147257166703857,7.116254694827795e-05
Monday,10:00-11:59,1497277.0,0.5987763119315932,0.18568174092035075,0.08789422398126732,0.12769647834034717,4.875517355840131e-05
Monday,12:00-13:59,1088825.0,0.5775941955778018,0.22496268913737286,0.07003880329713223,0.12742543567607284,2.1123688379587335e-05
Monday,14:00-15:59,1119473.0,0.6165910209536094,0.18522822792510404,0.0732362459836012,0.12496773035169227,2.3225214006883377e-05
Monday,16:00-17:59,706685.0,0.6401876366415022,0.18830030352986124,0.05045670984950862,0.12109638665034633,4.1036671218463994e-05
Monday,18:00-18:29,51188.0,0.5651324529186528,0.3106782839728061,0.012795967804954286,0.11149097444713604,9.767914354918972e-05
Monday,18:30-23:59,47246.0,0.1310587139652034,0.782478940016086,0.002730389874275071,0.08383778520932988,0.00010582906489431387
Monday (bank holiday),00:00-05:59,681.0,0.17033773861967694,0.7474302496328928,,0.08223201174743025,0.0
Monday (bank holiday),06:00-07:59,9335.0,0.19850026780931976,0.6730583824317086,0.0020353508302088912,0.12640599892876273,0.0
Monday (bank holiday),08:00-09:59,70616.0,0.03629489067633398,0.8605273592386995,0.0047722895661039995,0.09840546051886258,0.0
Monday (bank holiday),10:00-11:59,47146.0,0.046599923641454204,0.8436558774869554,0.005090569719594451,0.10461120773766597,-4.242141432997393e-05
Monday (bank holiday),12:00-13:59,31565.0,0.038111832726120703,0.8602882939965151,0.004023443687628703,0.09754474893077776,-3.1680658957755625e-05
Monday (bank holiday),14:00-15:59,24879.0,0.03943084529120945,0.8499939708187628,0.0035371196591502873,0.10703806423087744,0.0
Monday (bank holiday),16:00-17:59,14646.0,0.03250034139014065,0.8613956028949884,0.003618735490919022,0.10228048613956028,-0.0002048340843916474
Monday (bank holiday),18:00-18:29,1450.0,0.03793103448275862,0.8655172413793103,,0.09655172413793103,0.0
Monday (bank holiday),18:30-23:59,4757.0,0.06537733865881859,0.8261509354635275,,0.10847172587765398,0.0
Saturday,00:00-05:59,3738.0,0.11744248261102194,0.8279828785446763,,0.05457463884430177,0.0
Saturday,06:00-07:59,10793.0,0.1264708607430742,0.7708700083387381,0.000463263226165107,0.1021958676920226,0.0
Saturday,08:00-09:59,95822.0,0.10675001565402517,0.8108367598255098,0.0017949948863517772,0.08059735760055102,-2.0872033562269188e-05
Saturday,10:00-11:59,94015.0,0.11680051055682604,0.8019464978992714,0.0015210338775727278,0.07966813806307504,-6.381960325474445e-05
Saturday,12:00-13:59,52839.0,0.10369234845473987,0.8196975718692633,0.0009084199171066825,0.0756827343439505,-1.8925414939752194e-05
Saturday,14:00-15:59,35516.0,0.08677779029169952,0.8365243833765064,0.0003097195630138529,0.07621916882531816,-0.00016893794346206636
Saturday,16:00-17:59,21357.0,0.0709837523996816,0.8425340637730018,,0.08634171466029873,-0.00014046916701782042
Saturday,18:00-18:29,3287.0,0.09613629449345908,0.8192881046547004,,0.08457560085184058,0.0
Saturday,18:30-23:59,16433.0,0.09237509888638715,0.8261425181038154,,0.08111726404186698,-0.0003651189679303446
Sunday,00:00-05:59,3051.0,0.1805965257292691,0.762372992461488,,0.05703048180924287,0.0
Sunday,06:00-07:59,4626.0,0.11954172070903589,0.7764807609165586,,0.10376134889753567,-0.0002161694768698652
Sunday,08:00-09:59,20065.0,0.11288312982805881,0.7853476202342388,0.0022925492150510838,0.09932718664340892,-0.00014951407924246318
Sunday,10:00-11:59,21688.0,0.1302102545186278,0.767336776097381,0.0012449280708225748,0.10116193286610108,-4.6108447067538805e-05
Sunday,12:00-13:59,17565.0,0.10532308568175348,0.800910902362653,0.00022772559066325078,0.09342442356959864,-0.000113862795331654
Sunday,14:00-15:59,16052.0,0.08939695988038873,0.820520807376028,0.000124595066035385,0.08964615001245951,-0.00031148766508848347
Sunday,16:00-17:59,13036.0,0.08177355016876342,0.820727216937711,0.00023013194231359313,0.0971156796563363,-0.00015342129487572187
Sunday,18:00-18:29,2778.0,0.07235421166306695,0.8358531317494601,,0.091792656587473,0.0
Sunday,18:30-23:59,19362.0,0.0835657473401508,0.8093688668525979,,0.10691044313603966,-0.00015494267121163308
Thursday,00:00-05:59,4080.0,0.09019607843137255,0.825,,0.08455882352941177,-0.0002450980392156854
Thursday,06:00-07:59,197728.0,0.17246419323515133,0.753287344230458,0.012800412688137239,0.061427820035604465,-2.022981064897511e-05
Thursday,08:00-09:59,1137116.0,0.6115013771682045,0.21987906247031966,0.09103732600719716,0.07763412000182919,5.188564755043146e-05
Thursday,10:00-11:59,1060815.0,0.663442730353549,0.18066109547847645,0.054641007150162846,0.10128061914659955,2.5452128787684103e-05
Thursday,12:00-13:59,816163.0,0.6103817497240135,0.23446051830332912,0.0469857124128391,0.10821490315047362,4.2883590655407033e-05
Thursday,14:00-15:59,855688.0,0.6438853881321229,0.2003487252363011,0.050794214713774176,0.10500088817419433,2.921625639240588e-05
Thursday,16:00-17:59,551103.0,0.6528235193784102,0.20566391400518597,0.03588077001939746,0.1056753456250465,4.354902804015737e-05
Thursday,18:00-18:29,39633.0,0.5628138167688542,0.32876643201372596,0.008856256150177882,0.09961395806524866,5.046299800670617e-05
Thursday,18:30-23:59,41100.0,0.12114355231143552,0.8008515815085158,0.0018248175182481751,0.07615571776155718,-2.433090024334117e-05
Tuesday,00:00-05:59,4138.0,0.12566457225712904,0.7902368293861769,0.0002416626389560174,0.08361527307878203,-0.00024166263895597506
Tuesday,06:00-07:59,236472.0,0.16874302242971684,0.7460629588281065,0.014297675834771135,0.07086674109408302,-2.960181332245515e-05
Tuesday,08:00-09:59,1336513.0,0.5791481265053164,0.22893155547308555,0.10705395308537964,0.08491799181900962,5.1626882791255824e-05
Tuesday,10:00-11:59,1188598.0,0.6467502048632086,0.18147935635092774,0.06391647975177478,0.10789181876462858,3.7859730539713254e-05
Tuesday,12:00-13:59,908830.0,0.6042274132676078,0.22788750371356578,0.0537240187933937,0.11419187306757039,3.08088421376862e-05
Tuesday,14:00-15:59,948746.0,0.6425112727747996,0.18605295832604302,0.058903015137876734,0.11255910433350971,2.635057222910575e-05
Tuesday,16:00-17:59,615273.0,0.6559641004887261,0.19040328439570728,0.04156691419906285,0.11211771034971468,5.200943321104212e-05
Tuesday,18:00-18:29,45043.0,0.5633061741003041,0.31876207179805965,0.009835046511111604,0.10811890859845037,2.2201007925826133e-05
Tuesday,18:30-23:59,43502.0,0.1261091444071537,0.7941014206243391,0.0024826444761160407,0.07721484069697945,-9.194979541171655e-05
Tuesday-Friday,00:00-05:59,16410.0,0.10627666057282145,0.8104204753199269,6.093845216331505e-05,0.0829981718464351,-0.00024375380865326868
Tuesday-Friday,06:00-07:59,851761.0,0.169136647486795,0.7541798697052342,0.013009517928151207,0.06365283219118978,-2.1132688629799112e-05
Tuesday-Friday,08:00-09:59,4834526.0,0.5977400886870812,0.2247779823709708,0.09726744669487764,0.08026826207988125,5.377983281085186e-05
Tuesday-Friday,10:00-11:59,4398952.0,0.6583568086216899,0.1801549550893031,0.05801381783661199,0.1035035162920623,2.9097839667313607e-05
Tuesday-Friday,12:00-13:59,3381172.0,0.6095963174899118,0.23020124382906282,0.049438774484113795,0.11079560578402992,3.1941587118389236e-05
Tuesday-Friday,14:00-15:59,3562671.0,0.6455462769366018,0.191407794881986,0.05407010638927928,0.10900360993198642,2.7788139853601734e-05
Tuesday-Friday,16:00-17:59,2266976.0,0.658630704515619,0.19612558756687323,0.03762501235125559,0.10766148384455769,4.27882783056166e-05
Tuesday-Friday,18:00-18:29,164221.0,0.5624859183661042,0.3237892839527223,0.009487215398761425,0.10428020776879936,4.262548638722663e-05
Tuesday-Friday,18:30-23:59,163930.0,0.12650521564082232,0.793027511742817,0.0023790642347343376,0.0780089062404685,-7.930214115781098e-05
Wednesday,00:00-05:59,3985.0,0.11066499372647427,0.8055207026348808,,0.08381430363864492,0.0
Wednesday,06:00-07:59,212537.0,0.16956576972480086,0.7592983809877809,0.012524878021238655,0.05857803582435058,-3.29354418289185e-05
Wednesday,08:00-09:59,1211555.0,0.5990219181134988,0.2247409321079109,0.09692254994614359,0.07936907527928984,5.4475446843005315e-05
Wednesday,10:00-11:59,1104027.0,0.6573960600601253,0.1795037621362521,0.05922318928794314,0.10391050218880517,3.3513673125762367e-05
Wednesday,12:00-13:59,851235.0,0.6037333991201019,0.23610871263517125,0.04890893818980657,0.11128066867551263,3.171862059248021e-05
Wednesday,14:00-15:59,901037.0,0.6365132619415185,0.19849795291425323,0.05327084237384258,0.11174901807583928,3.107530545354287e-05
Wednesday,16:00-17:59,577831.0,0.652368945245236,0.20079054256348308,0.03721330285152579,0.10966528275568461,3.807341592954039e-05
Wednesday,18:00-18:29,41645.0,0.5540881258254292,0.3304118141433545,0.010085244327050066,0.10551086565013808,9.604994597189886e-05
Wednesday,18:30-23:59,41331.0,0.12467639302218674,0.7901575088916309,0.002975974450170574,0.08214173380755366,-4.8389828458006434e-05
