region,inbound,answered,ended_in_ivr,callback_requested,missed,neither_answered_nor_missed,outcome_sum_vs_inbound
NORTH EAST AND YORKSHIRE,4518109,0.5724529886286497,0.23705603384070636,0.06837130312703832,0.12219979641925416,0.3054273369677447,8.012201564855381e-05
MIDLANDS,5533100,0.5689026043266885,0.24112920424355244,0.07386853662503841,0.11611393251522655,0.31499774086859084,1.4277710505883334e-05
SOUTH WEST,2601907,0.5761889260453967,0.2415086319380362,0.07677637978605692,0.1055337489003258,0.3182850117240931,7.686669815543112e-06
NORTH WEST,3764751,0.6123977389208476,0.24478484765659136,0.05790555603810186,0.08497932532589805,0.30269040369469324,6.746794143897006e-05
UNMAPPED (shared accounts),163693,0.5616000684207633,0.2568100040930278,0.06714398294368117,0.11444594454252778,0.32395398703670897,0.0
LONDON,4160357,0.6129406683128396,0.2629209464476246,0.04533312886370088,0.07881535166333081,0.3082540753113255,1.0095287495737182e-05
EAST OF ENGLAND,2822650,0.5492622181283545,0.2698014277363471,0.06189290206012081,0.11906045737161887,0.3316943297964679,1.7005296441219286e-05
SOUTH EAST,3596399,0.5406808310201399,0.2819570353567555,0.08128019165837828,0.0961105817235518,0.3632372270151338,2.8639758825388384e-05
ENGLAND,27160966,0.5771435375310289,0.2528128785993841,0.0663454679778326,0.10373154621967422,0.3191583465772167,3.3430327919914404e-05
