built_utc,manifest,bronze_file,rows,source_columns,source_file,source_sha256,members
2026-10-02T19:19:12+00:00,download_manifest_2026-10-02.txt,data/bronze/telephony/2025-10/day_time.parquet,3714703,Date|REGION_CODE|ICB_CODE|SUB_ICB_LOCATION_CODE|PCN_CODE|PRACTICE_CODE|Indicator|Time_Category|Value,data/bronze/telephony/2025-10/Cloud Based Telephony By Day and Time - October 2025.zip,7a210d4e01f72ff135d2240b0cf0c7d0f07db06a7da6ae31bff870c98e3a39ac,8
2026-10-02T19:19:12+00:00,download_manifest_2026-10-02.txt,data/bronze/telephony/2025-10/durations.parquet,2733623,Date|REGION_CODE|ICB_CODE|SUB_ICB_LOCATION_CODE|PCN_CODE|PRACTICE_CODE|Indicator|Duration|Value,data/bronze/telephony/2025-10/Cloud Based Telephony By Durations - October 2025.zip,96ca8434bb5a33260fcde5ffe92a260c471c5a7b09e179b0ddc67209d295b045,8
2026-10-02T19:19:12+00:00,download_manifest_2026-10-02.txt,data/bronze/telephony/2025-11/day_time.parquet,3536837,Date|REGION_CODE|ICB_CODE|SUB_ICB_LOCATION_CODE|PCN_CODE|PRACTICE_CODE|Indicator|Time_Category|Value,data/bronze/telephony/2025-11/Cloud Based Telephony By Day and Time - November 2025.zip,d549a39fb5e0fdd223d4022d067a7727cbf6e585aa4eb48f6885bc20f873d04c,8
2026-10-02T19:19:12+00:00,download_manifest_2026-10-02.txt,data/bronze/telephony/2025-11/durations.parquet,2583806,Date|REGION_CODE|ICB_CODE|SUB_ICB_LOCATION_CODE|PCN_CODE|PRACTICE_CODE|Indicator|Duration|Value,data/bronze/telephony/2025-11/Cloud Based Telephony By Durations - November 2025.zip,4ac9aed18c10242a7fdb3e92a8b9a6e8e327a49ceb4eec202f43e95f6079ca5d,8
2026-10-02T19:19:12+00:00,download_manifest_2026-10-02.txt,data/bronze/telephony/2025-12/day_time.parquet,3706340,Date|REGION_CODE|ICB_CODE|SUB_ICB_LOCATION_CODE|PCN_CODE|PRACTICE_CODE|Indicator|Time_Category|Value,data/bronze/telephony/2025-12/Cloud Based Telephony By Day and Time - December 2025.zip,2ce0c5d2f4fac2e4bc1c1bd7e25794744c2478a0b51fd3f655a85b44aaec6da9,8
2026-10-02T19:19:12+00:00,download_manifest_2026-10-02.txt,data/bronze/telephony/2025-12/durations.parquet,2689838,Date|REGION_CODE|ICB_CODE|SUB_ICB_LOCATION_CODE|PCN_CODE|PRACTICE_CODE|Indicator|Duration|Value,data/bronze/telephony/2025-12/Cloud Based Telephony By Durations - December 2025.zip,d8357c4c4422a6e9fac1831ff0ff36b872f3dc0be1cafd0e56d74de023611742,8
2026-10-02T19:19:12+00:00,download_manifest_2026-10-02.txt,data/bronze/telephony/2026-01/day_time.parquet,3811913,Date|REGION_CODE|ICB_CODE|SUB_ICB_LOCATION_CODE|PCN_CODE|PRACTICE_CODE|Indicator|Time_Category|Value,data/bronze/telephony/2026-01/Cloud Based Telephony By Day and Time - January 2026.zip,e9b7cd551de2b6953efa1acb61d0742b69d1ac4da8d6c65500f628c55ebbbd7e,8
2026-10-02T19:19:12+00:00,download_manifest_2026-10-02.txt,data/bronze/telephony/2026-01/durations.parquet,2744540,Date|REGION_CODE|ICB_CODE|SUB_ICB_LOCATION_CODE|PCN_CODE|PRACTICE_CODE|Indicator|Duration|Value,data/bronze/telephony/2026-01/Cloud Based Telephony By Durations - January 2026.zip,b08296dceb1b477010d1fa6eb7339f1cba7443eb4c05e93954cb48d4cee48852,8
2026-10-02T19:19:12+00:00,download_manifest_2026-10-02.txt,data/bronze/telephony/2026-02/day_time.parquet,3540227,Date|REGION_CODE|ICB_CODE|SUB_ICB_LOCATION_CODE|PCN_CODE|PRACTICE_CODE|Indicator|Time_Category|Value,data/bronze/telephony/2026-02/Cloud Based Telephony By Day and Time - February 2026.zip,323269101cf55950b295e57ed932f6c9455440dba2041126e4e98ca0f68c33c7,8
2026-10-02T19:19:12+00:00,download_manifest_2026-10-02.txt,data/bronze/telephony/2026-02/durations.parquet,2588234,Date|REGION_CODE|ICB_CODE|SUB_ICB_LOCATION_CODE|PCN_CODE|PRACTICE_CODE|Indicator|Duration|Value,data/bronze/telephony/2026-02/Cloud Based Telephony By Durations - February 2026.zip,aae1ae9ef107a15fb57fc8ce3301aa6f64faf835ac0bb4e75cc88870e4074cdd,8
2026-10-02T19:19:12+00:00,download_manifest_2026-10-02.txt,data/bronze/telephony/2026-03/day_time.parquet,4008498,Date|REGION_CODE|ICB_CODE|SUB_ICB_LOCATION_CODE|PCN_CODE|PRACTICE_CODE|Indicator|Time_Category|Value,data/bronze/telephony/2026-03/Cloud Based Telephony By Day and Time - March 2026_0526.zip,e0bfaac78e0a109f71856b448cd2031a212ea15cc3e388266a72416f23629d47,8
2026-10-02T19:19:12+00:00,download_manifest_2026-10-02.txt,data/bronze/telephony/2026-03/durations.parquet,2923114,Date|REGION_CODE|ICB_CODE|SUB_ICB_LOCATION_CODE|PCN_CODE|PRACTICE_CODE|Indicator|Duration|Value,data/bronze/telephony/2026-03/Cloud Based Telephony By Durations - March 2026_14-05-26_0526.zip,a2823a876e9cacff57b963fd758ed01ddf8eff32c5296f61a35bd52c56ba6a0b,8
2026-10-02T19:19:12+00:00,download_manifest_2026-10-02.txt,data/bronze/telephony/2026-04/day_time.parquet,3836872,Date|REGION_CODE|ICB_CODE|SUB_ICB_LOCATION_CODE|PCN_CODE|PRACTICE_CODE|Indicator|Time_Category|Value,data/bronze/telephony/2026-04/Cloud Based Telephony By Day and Time - April 2026.zip,4b81ce3ba4966331b35a58f13951444fc907b5f2833987186efee53237216ed0,8
2026-10-02T19:19:12+00:00,download_manifest_2026-10-02.txt,data/bronze/telephony/2026-04/durations.parquet,2714975,Date|REGION_CODE|ICB_CODE|SUB_ICB_LOCATION_CODE|PCN_CODE|PRACTICE_CODE|Indicator|Duration|Value,data/bronze/telephony/2026-04/Cloud Based Telephony By Durations - April 2026.zip,762170d44bcc20e6fecc745fe26dd72f1638ab42323b38f43192002bf6a6cccb,8
2026-10-02T19:19:12+00:00,download_manifest_2026-10-02.txt,data/bronze/telephony/2026-05/day_time.parquet,3713472,Date|REGION_CODE|ICB_CODE|SUB_ICB_LOCATION_CODE|PCN_CODE|PRACTICE_CODE|Indicator|Time_Category|Value,data/bronze/telephony/2026-05/Cloud Based Telephony By Day and Time - May 2026.zip,d37f44026dc90fb74246bb69d5d594575864a9f7205185c488f12db3b218af65,8
2026-10-02T19:19:12+00:00,download_manifest_2026-10-02.txt,data/bronze/telephony/2026-05/durations.parquet,2599947,Date|REGION_CODE|ICB_CODE|SUB_ICB_LOCATION_CODE|PCN_CODE|PRACTICE_CODE|Indicator|Duration|Value,data/bronze/telephony/2026-05/Cloud Based Telephony By Durations - May 2026.zip,d7976eb36799ea7ae7f17f87556d2d3743874b352315112c4bfa735ab37ee5af,8
2026-10-02T19:19:12+00:00,download_manifest_2026-10-02.txt,data/bronze/telephony/2026-06/day_time.parquet,4033904,Date|REGION_CODE|ICB_CODE|SUB_ICB_LOCATION_CODE|PCN_CODE|PRACTICE_CODE|Indicator|Time_Category|Value,data/bronze/telephony/2026-06/Cloud Based Telephony By Day and Time - June 2026.zip,d7a820165ab555a683b1f68709df2cd783d1911b79d3f6c772ebcf2c994589d7,8
2026-10-02T19:19:12+00:00,download_manifest_2026-10-02.txt,data/bronze/telephony/2026-06/durations.parquet,2925540,Date|REGION_CODE|ICB_CODE|SUB_ICB_LOCATION_CODE|PCN_CODE|PRACTICE_CODE|Indicator|Duration|Value,data/bronze/telephony/2026-06/Cloud Based Telephony By Durations - June 2026.zip,1f958dffa79d8dd38d08690720a269ad0d6cc69d27e1ddec610b32f1cb75bc90,8
2026-10-02T19:19:12+00:00,download_manifest_2026-10-02.txt,data/bronze/telephony/2026-06/calls_answered.parquet,1691631,Date|REGION_CODE|ICB_CODE|SUB_ICB_LOCATION_CODE|PCN_CODE|PRACTICE_CODE|Indicator|Wait_Time|Core_Category|Value,data/bronze/telephony/2026-06/Cloud Based Telephony Calls Answered Metric - June 2026.zip,0603108f51fab5c939a5f4e9c887f2134b7cec7654b7e4aedd2fd749882060ab,8
2026-10-02T19:19:12+00:00,download_manifest_2026-10-02.txt,data/bronze/telephony/2026-07/day_time.parquet,4172660,Date|REGION_CODE|ICB_CODE|SUB_ICB_LOCATION_CODE|PCN_CODE|PRACTICE_CODE|Indicator|Time_Category|Value,data/bronze/telephony/2026-07/Cloud Based Telephony By Day and Time - July 2026.zip,67fd0c6d29c81034b809a7a2b1565b7881b6924869cc1eedfe330cb494a082e1,8
2026-10-02T19:19:12+00:00,download_manifest_2026-10-02.txt,data/bronze/telephony/2026-07/durations.parquet,3033331,Date|REGION_CODE|ICB_CODE|SUB_ICB_LOCATION_CODE|PCN_CODE|PRACTICE_CODE|Indicator|Duration|Value,data/bronze/telephony/2026-07/Cloud Based Telephony By Durations - July 2026.zip,5e8d3842a9d4e5b3e1616c505a5573e395ff71769ae85c0e7d6ca41a76d3883e,8
2026-10-02T19:19:12+00:00,download_manifest_2026-10-02.txt,data/bronze/telephony/2026-07/calls_answered.parquet,1755438,Date|REGION_CODE|ICB_CODE|SUB_ICB_LOCATION_CODE|PCN_CODE|PRACTICE_CODE|Indicator|Wait_Time|Core_Category|Value,data/bronze/telephony/2026-07/Cloud Based Telephony Calls Answered Metric - July 2026.zip,8c512e6b39a521b03710276ba60b6df97b249ec4d2efde2af2625ae7673fc35c,8
2026-10-02T19:19:12+00:00,download_manifest_2026-10-02.txt,data/bronze/telephony/2026-08/day_time.parquet,3798314,Date|REGION_CODE|ICB_CODE|SUB_ICB_LOCATION_CODE|PCN_CODE|PRACTICE_CODE|Indicator|Time_Category|Value,data/bronze/telephony/2026-08/Cloud Based Telephony By Day and Time - August 2026.zip,116188b80d7d30655c3ea6adab36fd823d0ad1d2ea4070e1ca6ef9b0539e6b8c,8
2026-10-02T19:19:12+00:00,download_manifest_2026-10-02.txt,data/bronze/telephony/2026-08/durations.parquet,2689158,Date|REGION_CODE|ICB_CODE|SUB_ICB_LOCATION_CODE|PCN_CODE|PRACTICE_CODE|Indicator|Duration|Value,data/bronze/telephony/2026-08/Cloud Based Telephony By Durations - August 2026.zip,48073e2519d26e0fa4a238a50c2002137f4144d0a49a52ca518250ffb08c7315,8
2026-10-02T19:19:12+00:00,download_manifest_2026-10-02.txt,data/bronze/telephony/2026-08/calls_answered.parquet,1520690,Date|REGION_CODE|ICB_CODE|SUB_ICB_LOCATION_CODE|PCN_CODE|PRACTICE_CODE|Indicator|Wait_Time|Core_Category|Value,data/bronze/telephony/2026-08/Cloud Based Telephony Calls Answered Metric - August 2026.zip,42e8566f1a449248fc67072977debaac25ca13198db2a9090fbe45879d17482e,8
2026-10-02T19:19:12+00:00,download_manifest_2026-10-02.txt,data/bronze/registered_patients/2026-07/gp-reg-pat-prac-all.parquet,6139,PUBLICATION|EXTRACT_DATE|TYPE|SUB_ICB_LOCATION_CODE|ONS_SUB_ICB_LOCATION_CODE|CODE|POSTCODE|SEX|AGE|NUMBER_OF_PATIENTS,data/bronze/registered_patients/2026-07/gp-reg-pat-prac-all.zip,5b500062c711e13a3f76b1eab0873b9ce0f4a45ff46537e7627ccef5b6704888,1
2026-10-02T19:19:12+00:00,download_manifest_2026-10-02.txt,data/bronze/registered_patients/2026-07/gp-reg-pat-prac-map.parquet,6139,PUBLICATION|EXTRACT_DATE|PRACTICE_CODE|PRACTICE_NAME|PRACTICE_POSTCODE|PCN_CODE|PCN_NAME|ONS_SUB_ICB_LOCATION_CODE|SUB_ICB_LOCATION_CODE|SUB_ICB_LOCATION_NAME|ONS_ICB_CODE|ICB_CODE|ICB_NAME|ONS_COMM_REGION_CODE|COMM_REGION_CODE|COMM_REGION_NAME|SUPPLIER_NAME,data/bronze/registered_patients/2026-07/gp-reg-pat-prac-map.zip,f5a8c5f5ee3d82a8313bafb5f14464fd9e734694e578c2983035060f601260bf,1
2026-10-02T19:19:12+00:00,download_manifest_2026-10-02.txt,data/bronze/registered_patients/2026-08/gp-reg-pat-prac-all.parquet,6129,PUBLICATION|EXTRACT_DATE|TYPE|SUB_ICB_LOCATION_CODE|ONS_SUB_ICB_LOCATION_CODE|CODE|POSTCODE|SEX|AGE|NUMBER_OF_PATIENTS,data/bronze/registered_patients/2026-08/gp-reg-pat-prac-all.zip,0cd043122841f36107323d8ad8d4a50415024f52589218a47d5753de8bcaf7c0,1
2026-10-02T19:19:12+00:00,download_manifest_2026-10-02.txt,data/bronze/registered_patients/2026-08/gp-reg-pat-prac-map.parquet,6129,PUBLICATION|EXTRACT_DATE|PRACTICE_CODE|PRACTICE_NAME|PRACTICE_POSTCODE|PCN_CODE|PCN_NAME|ONS_SUB_ICB_LOCATION_CODE|SUB_ICB_LOCATION_CODE|SUB_ICB_LOCATION_NAME|ONS_ICB_CODE|ICB_CODE|ICB_NAME|ONS_COMM_REGION_CODE|COMM_REGION_CODE|COMM_REGION_NAME|SUPPLIER_NAME,data/bronze/registered_patients/2026-08/gp-reg-pat-prac-map.zip,0990db504aba548e41e4aa3d6ef59103176a1def87823524f58cd0ce39217b75,1
2026-10-02T19:19:12+00:00,download_manifest_2026-10-02.txt,data/bronze/registered_patients/2026-09/gp-reg-pat-prac-all.parquet,6128,PUBLICATION|EXTRACT_DATE|TYPE|SUB_ICB_LOCATION_CODE|ONS_SUB_ICB_LOCATION_CODE|CODE|POSTCODE|SEX|AGE|NUMBER_OF_PATIENTS,data/bronze/registered_patients/2026-09/gp-reg-pat-prac-all.zip,e3911e2d239e56a2f50f12ce94e0c27fa3a6d59ea3d33e385d3ffc077455b47e,1
2026-10-02T19:19:12+00:00,download_manifest_2026-10-02.txt,data/bronze/registered_patients/2026-09/gp-reg-pat-prac-map.parquet,6128,PUBLICATION|EXTRACT_DATE|PRACTICE_CODE|PRACTICE_NAME|PRACTICE_POSTCODE|PCN_CODE|PCN_NAME|ONS_SUB_ICB_LOCATION_CODE|SUB_ICB_LOCATION_CODE|SUB_ICB_LOCATION_NAME|ONS_ICB_CODE|ICB_CODE|ICB_NAME|ONS_COMM_REGION_CODE|COMM_REGION_CODE|COMM_REGION_NAME|SUPPLIER_NAME,data/bronze/registered_patients/2026-09/gp-reg-pat-prac-map.zip,f8f4c0395cb1058db7e28b12fb8ee3bb33522afdf9d9133d75ee40b8b99867bc,1
2026-10-02T19:19:12+00:00,download_manifest_2026-10-02.txt,data/bronze/ods/epraccur_2026-10-02/epraccur.parquet,15659,col_01|col_02|col_03|col_04|col_05|col_06|col_07|col_08|col_09|col_10|col_11|col_12|col_13|col_14|col_15|col_16|col_17|col_18|col_19|col_20|col_21|col_22|col_23|col_24|col_25|col_26|col_27,data/bronze/ods/epraccur_2026-10-02/epraccur.csv,cba7ae267a1c42926f4afb6806a2e478e8237629de78f4ea5508314f55d6a333,1
2026-10-02T19:19:12+00:00,download_manifest_2026-10-02.txt,data/bronze/fingertips/imd2025_gp_2026-10-02/indicator_94240_gp.parquet,6145,Indicator ID|Indicator Name|Parent Code|Parent Name|Area Code|Area Name|Area Type|Sex|Age|Category Type|Category|Time period|Value|Lower CI 95.0 limit|Upper CI 95.0 limit|Lower CI 99.8 limit|Upper CI 99.8 limit|Count|Denominator|Value note|Recent Trend|Compared to England value or percentiles|Compared to percentiles|Time period Sortable|New data|Compared to goal|Time period range,data/bronze/fingertips/imd2025_gp_2026-10-02/indicator_94240_gp.csv,33d86b034566cdb5cde865f901fc1069b8dfa72e92a3b44f1eae874bb3f5f361,1
