practice_code,practice_name,included,attribution,ods_status,list_size_2026-07,list_size_2026-09
H84053,BERRYLANDS SURGERY,True,shared_account,DORMANT,,
Y06354,ASPIRO HEALTHCARE,False,not_included,ACTIVE,,
Y05162,AT MEDICS STREATHAM PCN EA HUB,False,not_included,ACTIVE,,
Y06487,BABYLON GP AT HAND BIRMINGHAM,False,not_included,ACTIVE,,
Y05258,BARNET FEDERATED GPS LIMITED,False,not_included,ACTIVE,,
Y01297,BEACON HOUSE MINISTRIES,False,not_included,ACTIVE,,
Y06153,BEDOC HEALTHCARE,False,not_included,ACTIVE,,
Y05257,CAMDEN BRIDGING ACCESS SERVICE,False,not_included,ACTIVE,,
Y05125,CANNOCK PRACTICES NETWORK SURGERY,False,not_included,ACTIVE,,
K84008,CHALGROVE & WATLINGTON SURGERIES,False,not_included,DORMANT,8073,
F84750,COMMUNITY DERMATOLOGY CLINIC,False,not_included,ACTIVE,,
Y05088,EXTENDED ACCESS,False,not_included,ACTIVE,,
Y05161,FIVEWAYS PCN EA HUB,False,not_included,ACTIVE,,
Y02854,GP LED HEALTH CENTRE,False,not_included,ACTIVE,,
Y03433,GYNAECOLOGY SERVICES,False,not_included,ACTIVE,,
Y09077,HEARTBEAT PRIMARY CARE CIC,False,not_included,ACTIVE,,
E83666,HOMELESS ACTION IN BARNET,False,not_included,ACTIVE,,
Y05190,ISLINGTON GP FEDERATION,False,not_included,ACTIVE,,
Y05163,LARC CLINIC (LA),False,not_included,ACTIVE,,
Y02514,LITHERLAND PRIMARY CARE WALK-IN SERVICE,False,not_included,ACTIVE,,
B86009,MANSTON SURGERY,False,not_included,DORMANT,,
Y05960,NC GPA PLUS,False,not_included,ACTIVE,,
Y02914,NCL COVID MEDICINES DELIVERY UNIT,False,not_included,ACTIVE,,
N84630,NETHERTON SURGERY,False,not_included,ACTIVE,,
Y06125,NSC BOSWORTH HUB,False,not_included,ACTIVE,,
Y03434,PATIENT FIRST SOCIAL ENTERPRISE,False,not_included,ACTIVE,,
Y08368,PENVALE PARK MEDICAL CENTRE,False,not_included,ACTIVE,,
Y02666,SALISBURY WALK-IN HC,False,not_included,ACTIVE,,
Y07024,SAS - C&P - MKGP PLUS LTD,False,not_included,ACTIVE,,
Y08362,SAS WEST HERTS,False,not_included,ACTIVE,,
N84043,SEAFORTH VILLAGE SURGERY,False,not_included,ACTIVE,,
Y02128,SHINFIELD MEDICAL PRACTICE,False,not_included,ACTIVE,,
Y01253,"SLOUGH TREATMENT, ADVICE & RECOVERY TEAM",False,not_included,ACTIVE,,
Y08852,STAYCITY YORK (NIMBUSCARE),False,not_included,ACTIVE,,
Y05187,STOCKWELLBEING AH,False,not_included,ACTIVE,,
Y02620,THE HILL GENERAL PRACTICE & UCC,False,not_included,ACTIVE,,
Y02495,URGENT TREATMENT CENTRE,False,not_included,ACTIVE,,
Y05472,VULNERABLE ADULTS SERVICE,False,not_included,ACTIVE,,
Y08645,WAVERLEY MEDICAL CENTRE,False,not_included,ACTIVE,,
Y05250,WINTER PRESSURES,False,not_included,ACTIVE,,
Y08516,YORK GP EXTENDED ACCESS (NIMBUSCARE),False,not_included,ACTIVE,,
Y06247,YORKSHIRE HEALTH PARTNERS,False,not_included,ACTIVE,,
