month,practices,exact_match,outcomes_over_inbound_by_>1%,outcomes_under_inbound_by_>1%,net_gap_calls,gross_gap_calls,cbt003_ne_cbt007
2025-10,4376,3368,6,61,-20288,23874,0
2025-11,4691,4566,4,27,-5182,6488,1
2025-12,4739,4635,5,1,1156,2044,1
2026-01,4766,4654,5,3,691,2961,0
2026-02,4771,4657,6,2,1081,3027,0
2026-03,4901,4784,7,1,1721,3051,1
2026-04,4953,4844,6,2,1357,2899,0
2026-05,4957,4838,5,1,918,2490,0
2026-06,4960,4848,4,0,1132,2188,0
2026-07,4982,4869,2,0,875,1907,0
2026-08,4989,4881,3,0,890,1720,0
